{"cameraMode":{"drawMode":0,"name":"Shaded","section":"Shading Mode"},"sceneLighting":true,"audioPlay":false,"sceneViewState":{"m_AlwaysRefresh":false,"showFog":true,"showSkybox":true,"showFlares":true,"showImageEffects":true,"showParticleSystems":true,"showVisualEffectGraphs":true,"m_FxEnabled":true},"in2DMode":false,"pivot":{"x":-0.1573532521724701,"y":1.1547198295593262,"z":-7.571025848388672},"rotation":{"x":0.08058035373687744,"y":-0.2775811553001404,"z":0.023371875286102296,"w":0.9570317268371582},"size":3.1751866340637209,"orthographic":true}