{"cameraMode":{"drawMode":0,"name":"Shaded","section":"Shading Mode"},"sceneLighting":true,"audioPlay":false,"sceneViewState":{"m_AlwaysRefresh":false,"showFog":true,"showSkybox":true,"showFlares":true,"showImageEffects":true,"showParticleSystems":true,"showVisualEffectGraphs":true,"m_FxEnabled":true},"in2DMode":false,"pivot":{"x":-1.4098639488220215,"y":0.06552251428365708,"z":-5.715764045715332},"rotation":{"x":0.1220211386680603,"y":-0.7009367942810059,"z":0.12364257872104645,"w":0.6917451620101929},"size":4.149356842041016,"orthographic":true}