{"cameraMode":{"drawMode":0,"name":"Shaded","section":"Shading Mode"},"sceneLighting":true,"audioPlay":false,"sceneViewState":{"m_AlwaysRefresh":false,"showFog":true,"showSkybox":true,"showFlares":true,"showImageEffects":true,"showParticleSystems":true,"showVisualEffectGraphs":true,"m_FxEnabled":true},"in2DMode":false,"pivot":{"x":-952.7970581054688,"y":-14.199457168579102,"z":469.5728454589844},"rotation":{"x":-0.12252034991979599,"y":0.24790023267269135,"z":-0.03172456473112106,"w":-0.9605164527893066},"size":103.57443237304688,"orthographic":false}